paper,text_file,url,context
A Behavioural Agent-Based Model for Housing Markets: Impact of Financial Shocks in the UK,all-papers-text/A Behavioural Agent-Based Model for Housing Markets: Impact of Financial Shocks in the UK.txt,https://github.com/YahyaGamal/UK-housing-ABM-version-18.4.2-Public,avioural ABM to explore the consequences of differ- ent L TV and interest rate shocks. The ABM code in NetLogo and Python is available at the Github repository https://github.com/YahyaGamal/UK- housing- ABM- version- 18.4.2- Public and at https://www.comses.net/codebase-release/b1fa635a-cb84-49c9-a582-0a7f0e7b5207/ . These include a version with a sim
A Behavioural Agent-Based Model for Housing Markets: Impact of Financial Shocks in the UK,all-papers-text/A Behavioural Agent-Based Model for Housing Markets: Impact of Financial Shocks in the UK.txt,https://www.comses.net/codebase-release/b1fa635a-cb84-49c9-a582-0a7f0e7b5207/,shocks. The ABM code in NetLogo and Python is available at the Github repository https://github.com/YahyaGamal/UK- housing- ABM- version- 18.4.2- Public and at https://www.comses.net/codebase-release/b1fa635a-cb84-49c9-a582-0a7f0e7b5207/ . These include a version with a simplified user interface for usage in the NetLogoWeb app. 6.2 The model is an extension to Gilbert et al. (2009); it explicit
"A high-resolution, data-driven agent-based model of the housing market","all-papers-text/A high-resolution, data-driven agent-based model of the housing market.txt",https://github.com/mnbabm/housing-market-abm-sample,"20)), even the risk of non-performance is smaller for mortgage loans connected to 2 The sample model code can be downloaded from the following git repository: https://github .com /mnbabm /housing -market -abm -sample. 3 This situation was further exacerbated in Hungary due to the depreciation of the Hungarian Forint and the high im"
A simple learning agent interacting with an agent-based market model,all-papers-text/A simple learning agent interacting with an agent-based market model.txt,https://doi.org/10.1016/j.physa.2023.129363,"ing from the University of Cape Town STA549 URC459282. Appendix A. Supplementary material Supplementary material related to this article can be found online at https://doi.org/10.1016/j.physa.2023.129363. References [1] R. Dieci, X.-Z. He, Heterogeneous agent models in finance, in: C. Hommes, B. LeBaron (Eds.), Handb. Comput. Econom. 4 (2018) 257–328, http://dx."
ABIDES Towards High-Fidelity Multi-Agent Market Simulation,all-papers-text/ABIDES Towards High-Fidelity Multi-Agent Market Simulation.txt,https://github.com/abides-sim/abides,n approaches in machine learning and artificial intel- ligence. 10 OPEN SOURCE ACCESS AND LICENSE ABIDES is available under the BSD 3-clause license at GitHub: https://github.com/abides-sim/abides. ACKNOWLEDGMENTS This material is based upon research supported by the National Science Foundation under Grant No. 1741026 and by a JP Morgan PhD Fellowship. We
Agent-Based Decision Making in the Electronic  Marketplace Interactive Negotiation,all-papers-text/Agent-Based Decision Making in the Electronic  Marketplace Interactive Negotiation.txt,http://users.encs.concordia.ca/~bentahar/publications/code/MCMAS-KES.zip,then the size oft h e model( w ith 4 agents)i s2 54 ≈ 1016.T he ﬁfth row in Table 3 showst h etotal 1 The source code for these experiments is available from: http://users.encs.concordia.ca/~bentahar/publications/code/MCMAS-KES.zip Modeling and Verifying Business Interactions 19 time results in the veriﬁcation oft h e SNP protocol. Thist ime increases when augmentingt h enumber of agents
Heterogeneous effects and spillovers of  macroprudential policy in an agent-based  model of the UK housing market,all-papers-text/Heterogeneous effects and spillovers of  macroprudential policy in an agent-based  model of the UK housing market.txt,https://github.com/INET-Complexity/housing-model,"estimation and calibration methodology of the parameters used in the model, as well as on the underlying data sources. The model code can be downloaded from https://github.com/INET-Complexity/housing-model. Section 3.1 describes user set parameters. Section 3.2 provides information on the parameters that are estimated empirically. Section 3.3 describes the calibr"
Mitigating housing market shocks an agent-based reinforcement learning approach with implications f,all-papers-text/Mitigating housing market shocks an agent-based reinforcement learning approach with implications f.txt,https://doi.org/10.1080/17477778.2024.2375446,"g approach with implications for real-time decision support, Journal of Simulation, 18:6, 921-939, DOI: 10.1080/17477778.2024.2375446 To link to this article: https://doi.org/10.1080/17477778.2024.2375446 © 2024 The Author(s). Published by Informa UK Limited, trading as Taylor & Francis Group. View supplementary material Published online: 09 Jul 2024. Submit y"
Mitigating housing market shocks an agent-based reinforcement learning approach with implications f,all-papers-text/Mitigating housing market shocks an agent-based reinforcement learning approach with implications f.txt,https://zenodo.org/record/6362146,"ttps://doi.org/ 10.1080/00031305.2015.1090338 Olmez, S. (2022, 3). SedarOlmez94/pythonic UK housing market ABM 2022: UK Housing Market Model 2022. Zenodo. https://zenodo.org/record/6362146 Olmez, S., Birks, D., & Heppenstall, A. (2022). Learning complex spatial behaviours in ABM: an experimental observational study. arXiv. https://arxiv.org/ab"
Review and analysis of investment decision making algorithms in long-term agent-based electric power system simulation models,all-papers-text/Review and analysis of investment decision making algorithms in long-term agent-based electric power system simulation models.txt,https://github.com/zhenmin1993/ELDEST-ABM,"a case, the average of the dynamic equilibrium is considered as the equilibrium reached by an agent-based model. 4 The agent-based model is accessible via: https://github.com/zhe nmin1993/ELDEST-ABM. Z. Tao et al. Renewable and Sustainable Energy Reviews 136 (2021) 110405 4 the actual days in a year by finding a certain number of day"
Taming the housing roller coaster The impact of macroprudential policy on the house price cycle,all-papers-text/Taming the housing roller coaster The impact of macroprudential policy on the house price cycle.txt,https://doi.org/10.1016/j.jedc.2023.104753,"ues resulting from the calibration, are shown in Table1. Appendix. Supplementary material Supplementary material related to this article can be found online at https://doi .org /10 .1016 /j .jedc .2023 .104753. Journal of Economic Dynamics and Control 156 (2023) 104753 21 A.Carro References Akin, O., Montalvo, J.G., García Villa"
Using realistic trading strategies in an agent-based stock market model,all-papers-text/Using realistic trading strategies in an agent-based stock market model.txt,https://libraries.io/github/gitwitcho/var-agent-model,"list traders are proportional to the difference of actual price Pt to perceived fundamental value Vf t . However, an agent only enters a 1 Code is available at https://libraries.io/github/gitwitcho/var-agent-model. Our code is implemented in Java and uses the scheduler from Repast simphony ( https://repast.github.io/repast_simphony.html). 316 B. Llacay, G. Peffer 123 pos"
Using realistic trading strategies in an agent-based stock market model,all-papers-text/Using realistic trading strategies in an agent-based stock market model.txt,https://repast.github.io/repast_simphony.html,"s a 1 Code is available at https://libraries.io/github/gitwitcho/var-agent-model. Our code is implemented in Java and uses the scheduler from Repast simphony ( https://repast.github.io/repast_simphony.html). 316 B. Llacay, G. Peffer 123 position when the difference between price and value is above a given threshold, jVf t /C0 Ptj [ Tf . In that case, the positio"
